user_id,user_name,phone,time,score
782522671,itshouldbegood,79166733303,0:00:19.524283,300
467907567,StasMedv,79625654348,0:00:32.227701,600
467907567,StasMedv,79625654348,0:01:24.051514,600
