user_id,user_name,phone,time,score
467907567,StasMedv,79625654348,0:01:30.504631,0
467907567,StasMedv,79625654348,0:00:50.792246,0
467907567,StasMedv,79625654348,0:00:13.681091,0
782522671,itshouldbegood,79166733303,0:00:19.524283,300
467907567,StasMedv,79625654348,0:00:32.227701,600
467907567,StasMedv,79625654348,0:01:24.051514,600
467907567,StasMedv,79625654348,0:02:35.295363,2400
782522671,itshouldbegood,+79166733303,0:04:00.539281,2400
324032115,krechmert,+79226544337,0:02:50.596114,3600
