user_id,user_name,phone,time,score
467907567,StasMedv,79625654348,0:00:17.475856,0
467907567,StasMedv,79625654348,0:00:56.590891,0
467907567,StasMedv,79625654348,0:00:46.100170,0
467907567,StasMedv,79625654348,0:00:21.402033,0
467907567,StasMedv,79625654348,0:08:42.456836,0
467907567,StasMedv,79625654348,0:00:09.419866,0
467907567,StasMedv,79625654348,0:04:44.239163,300
